"Dossier : LAB24-5670","","","","","","","","","","","","","","","","","","","","","","","",""
"","","","","","","","","","","","","","","","","","","","","","","","",""
"N° Laboratoire","Réf échantillon","N° FR","Exploitant - parcelle","Date de prélèvement","Nature"," Argile (déc) (o/oo) g/kg "," Limon Fin (déc) (o/oo) g/kg "," Limon Grossier (déc) (o/oo) g/kg "," Sable Fin (déc) (o/oo) g/kg "," Sable Grossier (déc) (o/oo) g/kg "," pH eau - "," Carbonates totaux g/kg "," Carb. organique (o/oo) g/kg "," Matière organique (o/oo) g/kg "," Azote total (o/oo) g/kg "," C/N - "," P2O5 Olsen (o/oo) g/kg "," Cu DTPA mg/kg "," Zn DTPA mg/kg "," Ni DTPA mg/kg "," Cu total ER (mg/Kg) "," Ni total ER (mg/Kg) "," Pb total ER (mg/Kg) "," Zn total ER (mg/Kg) "
"T-02540-24","EvEx_03Gal","WW 848033","UNIV PAUL VALERY EvEx_03Gal","2/5/2024","TERRES","557","189","104","91.3","58.8","8.3","225","31.6","54.6","2.3","13.9","0.026","13.1","4.7","0.37","71.2","26.2","44.9","109"
"T-02541-24","EvEx_04Mou","WW 848035","UNIV PAUL VALERY EvEx_04Mou","2/5/2024","TERRES","362","123","125","196","194","8.3","101","16.1","27.9","1.2","12.9","0.057","5.6","2.9","0.89","38.4","79.6","36.1","91.4"
"T-02542-24","EvEx_05Mou","WW 848037","UNIV PAUL VALERY EvEx_05Mou","2/5/2024","TERRES","205","116","125","245","309","8.1","94.4","21.1","36.5","1.7","12.1","0.095","3.3","9.5","0.69","31.4","61.3","70.7","122"
"T-02543-24","EvEx_06Lou","WW 848039","UNIV PAUL VALERY EvEx_06Lou","2/5/2024","TERRES","405","135","130","253","77.6","8.5","207","15.1","26.1","1.1","13.7","0.027","16.4","3.2","0.26","70.3","29.1","47.6","77.0"
"T-02544-24","EvEx_07Lou","WW 848041","UNIV PAUL VALERY EvEx_07Lou","2/5/2024","TERRES","431","135","128","253","54.0","8.4","156","13.2","22.8","1.00","13.2","0.058","16.6","3.1","0.16","77.1","33.6","52.0","85.5"
"T-02545-24","EvEx_08Cas","WW 848043","UNIV PAUL VALERY EvEx_08Cas","2/5/2024","TERRES","231","80.0","113","316","260","8.3","250","19.8","34.3","1.5","13.0","0.032","12.7","3.0","0.40","47.9","13.4","24.7","47.1"
"T-02546-24","EvEx_09Cab","WW 848045","UNIV PAUL VALERY EvEx_09Cab","2/5/2024","TERRES","266","98.4","101","269","266","8.3","221","19.3","33.3","1.4","13.7","0.023","16.4","2.2","0.34","65.2","15.7","29.9","47.8"
"T-02547-24","EvEx_10Sun","WW 848047","UNIV PAUL VALERY EvEx_10Sun","2/5/2024","TERRES","280","101","137","277","206","8.2","213","25.4","43.9","1.7","14.7","0.022","18.2","8.9","0.30","73.4","17.1","33.4","77.6"
"T-02548-24","EvEx_11Dau","WW 848049","UNIV PAUL VALERY EvEx_11Dau","2/5/2024","TERRES","284","138","153","245","180","8.2","317","30.4","52.6","2.2","13.7","0.12","13.1","7.0","0.37","62.2","19.1","32.3","82.3"
"T-02549-24","EspV_04Mou","WW 848051","UNIV PAUL VALERY EspV_04Mou","2/5/2024","TERRES","280","131","128","212","248","8.4","83.9","12.0","20.7","0.85","14.1","0.034","4.1","2.7","0.65","36.2","77.3","73.5","108"
"T-02550-24","EvEx_11Sib","WW 848053","UNIV PAUL VALERY EvEx_11Sib","2/5/2024","TERRES","369","143","151","186","152","8.2","546","37.2","64.4","2.1","17.8","0.019","6.8","11.6","0.47","32.3","12.3","51.1","75.1"
"T-02551-24","EvEx_12Sib","WW 848055","UNIV PAUL VALERY EvEx_12Sib","2/5/2024","TERRES","356","139","155","224","127","8.1","442","40.3","69.7","2.3","17.6","0.041","6.1","23.2","0.43","33.2","14.3","39.2","97.6"
"T-02552-24","EvEx_13Hei","WW 848057","UNIV PAUL VALERY EvEx_13Hei","2/5/2024","TERRES","301","123","137","232","207","8.0","162","55.4","95.8","5.0","11.1","0.16","7.3","15.3","0.47","68.9","23.0","34.0","118"
"T-02553-24","EvEx_15Aqu","WW 848059","UNIV PAUL VALERY EvEx_15Aqu","2/5/2024","TERRES","309","141","241","205","105","8.1","118","27.0","46.7","2.1","12.7","0.029","24.9","4.9","0.26","107","21.1","52.8","69.5"
"T-02554-24","EvEx_16EnsM","WW 848061","UNIV PAUL VALERY EvEx_16EnsM","2/5/2024","TERRES","376","141","153","198","133","8.2","378","22.2","38.3","1.8","12.3","0.038","9.4","4.9","0.40","43.4","23.5","26.9","67.7"
"","","","","","","","","","","","","","","","","","","","","","","","",""
"","","","","","","","","","","","","","","","","","","","","","","","",""
"Dossier : LAB24-5669","","","","","","","","","","","","","","","","","","","","","","","",""
"","","","","","","","","","","","","","","","","","","","","","","","",""
"N° Laboratoire","Réf échantillon","N° FR","Exploitant - parcelle","Date de prélèvement","Nature"," Argile (déc) (o/oo) g/kg "," Limon Fin (déc) (o/oo) g/kg "," Limon Grossier (déc) (o/oo) g/kg "," Sable Fin (déc) (o/oo) g/kg "," Sable Grossier (déc) (o/oo) g/kg "," pH eau - "," Carbonates totaux g/kg "," Carb. organique (o/oo) g/kg "," Matière organique (o/oo) g/kg "," Azote total (o/oo) g/kg "," C/N - "," P2O5 Olsen (o/oo) g/kg "," Cu DTPA mg/kg "," Zn DTPA mg/kg "," Ni DTPA mg/kg "," Cu total ER (mg/Kg) "," Ni total ER (mg/Kg) "," Pb total ER (mg/Kg) "," Zn total ER (mg/Kg) "
"T-02523-24","EspV_06Mou","WW 847999","UNIV PAUL VALERY EspV_06Mou","2/5/2024","TERRES","329","120","108","233","211","8.3","101","18.7","32.4","1.1","17.2","0.031","13.8","2.4","0.18","68.3","37.5","40.1","76.7"
"T-02524-24","EspV_07Lou","WW 848001","UNIV PAUL VALERY EspV_07Lou","2/5/2024","TERRES","369","152","140","225","114","8.4","257","17.3","29.9","1.2","14.0","0.039","12.1","2.7","0.27","50.2","21.8","37.4","52.9"
"T-02525-24","EspV_08Rob","WW 848003","UNIV PAUL VALERY EspV_08Rob","2/5/2024","TERRES","376","171","162","174","118","8.1","358","19.0","32.8","1.4","13.6","0.049","7.2","3.0","0.24","29.1","16.7","19.8","37.9"
"T-02526-24","EspV_09Cas","WW 848005","UNIV PAUL VALERY EspV_09Cas","2/5/2024","TERRES","255","75.4","130","305","234","8.4","202","17.0","29.4","1.2","13.9","0.028","14.7","2.3","0.21","56.2","15.8","27.5","41.9"
"T-02527-24","EspV_10Cas","WW 848007","UNIV PAUL VALERY EspV_10Cas","2/5/2024","TERRES","330","97.3","133","237","203","8.5","210","15.4","26.6","1.2","12.6","0.025","18.3","2.0","0.21","72.9","18.1","30.1","45.6"
"T-02528-24","EspV_11Cab","WW 848009","UNIV PAUL VALERY EspV_11Cab","2/5/2024","TERRES","359","118","152","195","176","8.3","205","15.2","26.3","1.1","13.7","0.022","19.2","1.7","0.21","80.0","25.8","30.6","50.9"
"T-02529-24","EspV_12Cab","WW 848011","UNIV PAUL VALERY EspV_12Cab","2/5/2024","TERRES","377","125","161","203","136","8.3","217","18.5","31.9","1.3","13.8","0.026","20.4","2.1","0.25","76.7","20.3","35.6","45.9"
"T-02530-24","EspV_13Cab","WW 848013","UNIV PAUL VALERY EspV_13Cab","2/5/2024","TERRES","340","106","125","250","179","8.3","205","19.6","33.9","1.4","14.0","0.025","19.9","2.8","0.24","78.5","18.4","29.8","47.1"
"T-02531-24","EspV_17Dau","WW 848015","UNIV PAUL VALERY EspV_17Dau","2/5/2024","TERRES","326","114","150","256","153","8.3","202","15.0","25.9","1.2","12.8","0.022","19.3","2.1","0.20","79.2","18.4","28.7","42.2"
"T-02532-24","EspV_18Dau","WW 848017","UNIV PAUL VALERY EspV_18Dau","2/5/2024","TERRES","307","103","126","273","191","8.4","229","15.0","25.9","1.1","13.2","0.020","18.7","2.7","0.19","74.4","18.2","30.7","45.3"
"T-02533-24","CpPl_07Vol","WW 848019","UNIV PAUL VALERY CpPl_07Vol","2/5/2024","TERRES","360","125","139","187","189","8.5","434","18.0","31.1","1.1","16.8","0.15","8.8","16.7","0.20","72.6","16.2","59.9","98.3"
"T-02534-24","EspV_19San","WW 848021","UNIV PAUL VALERY EspV_19San","2/5/2024","TERRES","392","121","111","193","184","8.1","384","26.4","45.6","2.0","13.3","0.053","8.2","9.2","0.58","35.1","17.9","45.2","54.9"
"T-02535-24","EspV_20EnsE","WW 848023","UNIV PAUL VALERY EspV_20EnsE","2/5/2024","TERRES","363","135","205","196","99.7","8.4","48.5","34.5","59.7","2.4","14.2","0.050","29.5","3.7","0.95","82.3","29.1","39.0","64.7"
"T-02536-24","EspV_21EnsM","WW 848025","UNIV PAUL VALERY EspV_21EnsM","2/5/2024","TERRES","333","147","147","277","95.7","8.5","344","16.3","28.2","1.2","13.5","0.031","14.3","2.6","0.26","51.8","16.5","36.9","43.5"
"T-02537-24","EspV_22EnsM","WW 848027","UNIV PAUL VALERY EspV_22EnsM","2/5/2024","TERRES","380","128","184","191","117","8.5","341","23.5","40.7","1.6","14.3","0.038","17.7","3.0","0.56","50.2","19.7","30.7","43.8"
"T-02538-24","EvEx_01Bou","WW 848029","UNIV PAUL VALERY EvEx_01Bou","2/5/2024","TERRES","465","142","115","147","132","8.1","323","35.6","61.6","2.3","15.3","0.067","8.8","6.0","0.29","49.0","19.3","34.4","64.6"
"T-02539-24","EvEx_02Kur","WW 848031","UNIV PAUL VALERY EvEx_02Kur","2/5/2024","TERRES","413","145","102","206","134","8.1","360","24.8","42.9","1.7","14.6","0.023","12.0","15.0","0.24","60.0","20.3","68.0","73.7"
"","","","","","","","","","","","","","","","","","","","","","","","",""
"","","","","","","","","","","","","","","","","","","","","","","","",""
"Dossier : LAB24-5668","","","","","","","","","","","","","","","","","","","","","","","",""
"","","","","","","","","","","","","","","","","","","","","","","","",""
"N° Laboratoire","Réf échantillon","N° FR","Exploitant - parcelle","Date de prélèvement","Nature"," Argile (déc) (o/oo) g/kg "," Limon Fin (déc) (o/oo) g/kg "," Limon Grossier (déc) (o/oo) g/kg "," Sable Fin (déc) (o/oo) g/kg "," Sable Grossier (déc) (o/oo) g/kg "," pH eau - "," Carbonates totaux g/kg "," Carb. organique (o/oo) g/kg "," Matière organique (o/oo) g/kg "," Azote total (o/oo) g/kg "," C/N - "," P2O5 Olsen (o/oo) g/kg "," Cu DTPA mg/kg "," Zn DTPA mg/kg "," Ni DTPA mg/kg "," Cu total ER (mg/Kg) "," Ni total ER (mg/Kg) "," Pb total ER (mg/Kg) "," Zn total ER (mg/Kg) "
"T-02503-24","CpPl_37Sib","WW 847959","UNIV PAUL VALERY CpPl_37Sib","2/5/2024","TERRES","212","96.3","111","188","393","8.5","267","17.9","31.0","1.6","11.1","0.041","14.7","5.5","0.41","43.1","13.4","63.4","71.5"
"T-02504-24","CpPl_38Hei","WW 847961","UNIV PAUL VALERY CpPl_38Hei","2/5/2024","TERRES","238","107","109","230","316","8.4","334","21.6","37.4","1.8","11.8","0.058","12.5","8.1","0.40","40.1","14.9","61.5","91.8"
"T-02505-24","CpPl_40Dic","WW 847963","UNIV PAUL VALERY CpPl_40Dic","2/5/2024","TERRES","198","99.4","104","184","415","8.4","281","18.8","32.6","1.7","10.9","0.045","14.4","6.3","0.39","44.7","13.1","58.0","52.9"
"T-02506-24","CpPl_41Dic","WW 847965","UNIV PAUL VALERY CpPl_41Dic","2/5/2024","TERRES","359","154","149","200","137","8.2","607","27.4","47.5","1.9","14.8","0.046","14.2","14.7","0.25","45.2","8.6","20.4","36.3"
"T-02507-24","CpPl_42Dic","WW 847967","UNIV PAUL VALERY CpPl_42Dic","2/5/2024","TERRES","258","117","128","240","257","8.2","179","37.2","64.4","3.4","11.1","0.35","20.6","11.8","0.28","92.7","17.8","33.8","69.1"
"T-02508-24","CpPl_45Pri","WW 847969","UNIV PAUL VALERY CpPl_45Pri","2/5/2024","TERRES","392","153","129","219","107","8.5","341","28.5","49.4","2.2","13.1","0.095","17.3","13.1","0.31","74.8","21.8","56.0","88.4"
"T-02509-24","CpPl_46Pri","WW 847971","UNIV PAUL VALERY CpPl_46Pri","2/5/2024","TERRES","439","158","93.7","137","173","8.7","473","43.8","75.8","2.4","17.9","0.13","10.2","11.9","0.51","35.5","14.9","21.3","52.5"
"T-02510-24","CpPl_47Pri","WW 847973","UNIV PAUL VALERY CpPl_47Pri","2/5/2024","TERRES","447","157","111","146","139","8.4","475","43.4","75.1","2.3","18.9","0.11","8.3","12.4","0.56","38.9","22.0","26.9","53.7"
"T-02511-24","CpPl_48Pri","WW 847975","UNIV PAUL VALERY CpPl_48Pri","2/5/2024","TERRES","449","154","107","144","146","8.5","488","37.2","64.3","2.3","16.3","0.12","7.2","11.6","0.53","37.8","19.5","25.6","62.7"
"T-02512-24","CpPl_49San","WW 847977","UNIV PAUL VALERY CpPl_49San","2/5/2024","TERRES","315","147","137","236","165","8.6","231","21.6","37.4","1.8","12.1","0.054","12.6","5.4","0.30","64.2","24.9","38.2","65.9"
"T-02513-24","CpPl_50EnsE","WW 847979","UNIV PAUL VALERY CpPl_50EnsE","2/5/2024","TERRES","330","179","153","158","180","8.4","273","33.4","57.7","2.4","14.1","0.17","24.5","6.7","0.58","77.9","19.0","27.4","58.0"
"T-02514-24","CpPl_51EnsE","WW 847981","UNIV PAUL VALERY CpPl_51EnsE","2/5/2024","TERRES","297","144","149","212","198","8.6","256","15.3","26.4","1.0","14.5","0.046","12.8","3.2","0.26","44.8","18.6","29.3","43.0"
"T-02515-24","EspV_14Dau","WW 847983","UNIV PAUL VALERY EspV_14Dau","2/5/2024","TERRES","369","170","174","182","105","8.5","150","19.5","33.7","1.4","14.3","0.038","24.5","2.4","0.20","94.5","21.9","36.0","51.1"
"T-02516-24","EspV_15Dau","WW 847985","UNIV PAUL VALERY EspV_15Dau","2/5/2024","TERRES","368","175","181","174","102","8.6","174","14.0","24.2","1.1","12.4","0.026","26.0","1.7","0.18","101","23.6","32.6","53.8"
"T-02517-24","EspV_16Dau","WW 847987","UNIV PAUL VALERY EspV_16Dau","2/5/2024","TERRES","223","88.2","96.9","257","335","8.5","247","15.5","26.7","1.2","13.1","0.019","16.3","1.8","0.19","59.3","20.2","26.4","36.1"
"T-02518-24","EspV_19Dau","WW 847989","UNIV PAUL VALERY EspV_19Dau","2/5/2024","TERRES","268","122","99.8","283","228","8.6","235","18.0","31.2","1.2","14.7","0.018","17.1","2.4","0.18","58.5","15.4","28.5","39.0"
"T-02519-24","EspV_01Cam","WW 847991","UNIV PAUL VALERY EspV_01Cam","2/5/2024","TERRES","285","120","67.4","179","348","8.4","129","16.1","27.8","1.0","16.0","0.019","4.6","1.7","0.55","37.3","107","21.4","65.9"
"T-02520-24","EspV_02Cam","WW 847993","UNIV PAUL VALERY EspV_02Cam","2/5/2024","TERRES","258","107","86.8","169","379","8.5","136","14.3","24.7","0.95","15.0","0.022","4.5","1.8","0.50","37.3","106","21.4","67.0"
"T-02521-24","EspV_03Cam","WW 847995","UNIV PAUL VALERY EspV_03Cam","2/5/2024","TERRES","294","103","72.0","168","363","8.5","140","15.3","26.4","1.1","14.5","0.027","5.0","2.4","0.50","39.5","98.4","21.5","68.3"
"T-02522-24","EspV_05Mou","WW 847997","UNIV PAUL VALERY EspV_05Mou","2/5/2024","TERRES","363","131","100.0","208","198","8.5","128","10.8","18.6","0.78","13.8","0.019","12.4","1.6","0.16","62.9","39.0","37.2","75.7"
"","","","","","","","","","","","","","","","","","","","","","","","",""
"","","","","","","","","","","","","","","","","","","","","","","","",""
"Dossier : LAB24-5667","","","","","","","","","","","","","","","","","","","","","","","",""
"","","","","","","","","","","","","","","","","","","","","","","","",""
"N° Laboratoire","Réf échantillon","N° FR","Exploitant - parcelle","Date de prélèvement","Nature"," Argile (déc) (o/oo) g/kg "," Limon Fin (déc) (o/oo) g/kg "," Limon Grossier (déc) (o/oo) g/kg "," Sable Fin (déc) (o/oo) g/kg "," Sable Grossier (déc) (o/oo) g/kg "," pH eau - "," Carbonates totaux g/kg "," Carb. organique (o/oo) g/kg "," Matière organique (o/oo) g/kg "," Azote total (o/oo) g/kg "," C/N - "," P2O5 Olsen (o/oo) g/kg "," Cu DTPA mg/kg "," Zn DTPA mg/kg "," Ni DTPA mg/kg "," Cu total ER (mg/Kg) "," Ni total ER (mg/Kg) "," Pb total ER (mg/Kg) "," Zn total ER (mg/Kg) "
"T-02483-24","CpPl_17Lou","WW 847919","UNIV PAUL VALERY CpPl_17Lou","2/5/2024","TERRES","351","142","149","189","169","8.5","333","21.2","36.7","2.0","10.6","0.050","9.8","3.3","0.32","40.3","18.5","24.0","56.5"
"T-02484-24","CpPl_18Lou","WW 847921","UNIV PAUL VALERY CpPl_18Lou","2/5/2024","TERRES","331","128","136","209","196","8.5","339","21.4","37.1","1.6","13.5","0.058","11.3","4.6","0.36","42.5","17.0","26.9","58.5"
"T-02485-24","CpPl_19Lou","WW 847923","UNIV PAUL VALERY CpPl_19Lou","2/5/2024","TERRES","327","145","138","210","180","8.3","314","31.1","53.7","1.7","18.6","0.072","13.8","3.8","0.43","47.9","18.3","25.4","57.7"
"T-02486-24","CpPl_20Lou","WW 847925","UNIV PAUL VALERY CpPl_20Lou","2/5/2024","TERRES","341","126","168","232","133","8.4","306","22.2","38.4","1.6","13.5","0.055","12.6","3.9","0.31","50.0","20.4","31.5","60.4"
"T-02487-24","CpPl_21Lou","WW 847927","UNIV PAUL VALERY CpPl_21Lou","2/5/2024","TERRES","306","133","119","191","250","8.4","118","19.4","33.5","1.5","13.3","0.043","15.1","4.1","0.40","53.2","22.2","31.1","64.5"
"T-02488-24","CpPl_22Lou","WW 847929","UNIV PAUL VALERY CpPl_22Lou","2/5/2024","TERRES","343","144","138","187","188","8.4","321","17.5","30.3","1.4","12.3","0.048","15.1","3.9","0.59","41.2","18.8","23.8","57.1"
"T-02489-24","CpPl_23Lou","WW 847931","UNIV PAUL VALERY CpPl_23Lou","2/5/2024","TERRES","340","158","145","212","145","8.3","320","20.0","34.6","1.3","15.6","0.055","15.3","3.4","0.54","43.0","21.2","24.2","57.5"
"T-02490-24","CpPl_24Rob","WW 847933","UNIV PAUL VALERY CpPl_24Rob","2/5/2024","TERRES","341","157","146","219","138","8.4","374","19.0","33.0","1.4","14.1","0.051","9.5","3.4","0.35","33.2","17.4","22.3","50.3"
"T-02491-24","CpPl_25Rob","WW 847935","UNIV PAUL VALERY CpPl_25Rob","2/5/2024","TERRES","341","149","144","194","173","8.5","354","21.2","36.6","1.5","13.9","0.068","10.3","3.4","0.32","37.9","17.5","34.9","53.3"
"T-02492-24","CpPl_26Rob","WW 847937","UNIV PAUL VALERY CpPl_26Rob","2/5/2024","TERRES","349","157","150","192","152","8.4","348","23.2","40.2","1.6","14.7","0.049","14.2","6.2","0.62","38.7","18.6","22.3","62.5"
"T-02493-24","CpPl_27Rob","WW 847939","UNIV PAUL VALERY CpPl_27Rob","2/5/2024","TERRES","347","183","166","189","114","8.6","398","12.5","21.7","1.1","11.8","0.062","8.3","2.7","0.22","31.2","18.3","21.1","53.5"
"T-02494-24","CpPl_28Rob","WW 847941","UNIV PAUL VALERY CpPl_28Rob","2/5/2024","TERRES","317","143","159","199","182","8.5","428","17.2","29.7","1.3","13.0","0.051","12.3","3.4","0.37","41.5","17.6","23.3","54.5"
"T-02495-24","CpPl_29Sun","WW 847943","UNIV PAUL VALERY CpPl_29Sun","2/5/2024","TERRES","262","125","136","251","225","8.5","155","8.2","14.3","0.65","12.7","0.010","18.3","3.2","0.14","58.6","17.9","36.9","55.8"
"T-02496-24","CpPl_30Sun","WW 847945","UNIV PAUL VALERY CpPl_30Sun","2/5/2024","TERRES","300","129","128","249","194","8.6","324","52.4","90.6","3.4","15.6","0.12","13.4","8.2","0.30","60.6","15.3","46.2","71.0"
"T-02497-24","CpPl_31Sun","WW 847947","UNIV PAUL VALERY CpPl_31Sun","2/5/2024","TERRES","403","154","153","163","127","8.4","226","24.2","41.9","1.7","14.0","0.029","37.2","4.1","0.26","128","25.5","67.3","75.3"
"T-02498-24","CpPl_32Sun","WW 847949","UNIV PAUL VALERY CpPl_32Sun","2/5/2024","TERRES","386","157","162","186","108","8.3","220","26.7","46.2","1.5","17.6","0.023","37.1","3.6","0.22","130","26.5","67.2","73.9"
"T-02499-24","CpPl_33Sun","WW 847951","UNIV PAUL VALERY CpPl_33Sun","2/5/2024","TERRES","390","152","148","175","135","8.4","198","16.0","27.7","1.3","12.8","0.030","44.6","3.6","0.22","155","28.3","76.0","77.7"
"T-02500-24","CpPl_34Jea","WW 847953","UNIV PAUL VALERY CpPl_34Jea","2/5/2024","TERRES","249","112","91.2","256","291","8.4","311","24.9","43.0","2.1","11.9","0.062","15.6","4.8","0.26","61.3","16.3","26.8","58.2"
"T-02501-24","CpPl_35Jea","WW 847955","UNIV PAUL VALERY CpPl_35Jea","2/5/2024","TERRES","330","153","123","147","246","8.4","365","33.0","57.1","2.5","13.5","0.094","8.9","7.8","0.43","42.5","19.2","23.8","67.1"
"T-02502-24","CpPl_36Jea","WW 847957","UNIV PAUL VALERY CpPl_36Jea","2/5/2024","TERRES","289","138","115","144","314","8.5","296","31.2","54.0","2.6","12.1","0.084","8.6","5.8","0.35","42.0","20.6","26.4","66.2"
"","","","","","","","","","","","","","","","","","","","","","","","",""
"","","","","","","","","","","","","","","","","","","","","","","","",""
"Dossier : LAB24-5666","","","","","","","","","","","","","","","","","","","","","","","",""
"","","","","","","","","","","","","","","","","","","","","","","","",""
"N° Laboratoire","Réf échantillon","N° FR","Exploitant - parcelle","Date de prélèvement","Nature"," Argile (déc) (o/oo) g/kg "," Limon Fin (déc) (o/oo) g/kg "," Limon Grossier (déc) (o/oo) g/kg "," Sable Fin (déc) (o/oo) g/kg "," Sable Grossier (déc) (o/oo) g/kg "," pH eau - "," Carbonates totaux g/kg "," Carb. organique (o/oo) g/kg "," Matière organique (o/oo) g/kg "," Azote total (o/oo) g/kg "," C/N - "," P2O5 Olsen (o/oo) g/kg "," Cu DTPA mg/kg "," Zn DTPA mg/kg "," Ni DTPA mg/kg "," Cu total ER (mg/Kg) "," Ni total ER (mg/Kg) "," Pb total ER (mg/Kg) "," Zn total ER (mg/Kg) "
"T-02463-24","CpUt_44San","WW 847879","UNIV PAUL VALERY CpUt_44San","2/5/2024","TERRES","323","149","142","261","125","8.5","430","16.4","28.4","1.3","12.7","0.011","10.5","2.8","0.36","43.5","20.5","258","51.0"
"T-02464-24","CpUt_45EnsM","WW 847881","UNIV PAUL VALERY CpUt_45EnsM","2/5/2024","TERRES","310","140","166","279","105","8.5","375","12.6","21.8","1.3","9.3","0.028","11.2","2.3","0.18","50.6","19.2","33.4","54.2"
"T-02465-24","CpUt_46EnsM","WW 847883","UNIV PAUL VALERY CpUt_46EnsM","2/5/2024","TERRES","346","162","153","198","141","8.4","395","18.9","32.7","2.1","8.9","0.027","7.4","2.8","0.28","37.7","17.4","26.0","52.5"
"T-02466-24","CpUt_47EnsE","WW 847885","UNIV PAUL VALERY CpUt_47EnsE","2/5/2024","TERRES","317","185","158","159","182","8.5","582","18.9","32.7","1.7","10.9","0.076","17.9","4.4","0.62","40.8","13.6","19.5","39.8"
"T-02467-24","CpUt_48EnsE","WW 847887","UNIV PAUL VALERY CpUt_48EnsE","2/5/2024","TERRES","324","173","170","175","159","8.6","546","10.2","17.6","1.2","8.6","0.040","12.3","2.9","0.29","35.4","14.9","17.2","42.5"
"T-02468-24","CpPl_01Bou","WW 847889","UNIV PAUL VALERY CpPl_01Bou","2/5/2024","TERRES","172","122","94.2","146","466","8.4","193","17.8","30.7","1.6","11.2","0.057","19.5","3.8","0.46","58.7","16.3","38.9","54.6"
"T-02469-24","CpPl_02Bou","WW 847891","UNIV PAUL VALERY CpPl_02Bou","2/5/2024","TERRES","167","115","89.2","144","485","8.3","171","24.6","42.5","1.6","15.5","0.061","21.7","3.9","0.49","54.4","14.9","32.2","49.4"
"T-02470-24","CpPl_03Bou","WW 847893","UNIV PAUL VALERY CpPl_03Bou","2/5/2024","TERRES","149","103","83.7","140","524","8.2","164","20.0","34.7","1.7","12.0","0.067","19.0","3.8","0.43","57.8","15.1","26.8","51.9"
"T-02471-24","CpPl_04Vol","WW 847895","UNIV PAUL VALERY CpPl_04Vol","2/5/2024","TERRES","212","132","81.4","140","435","8.2","229","19.0","32.9","1.6","11.6","0.072","11.5","4.1","0.26","52.1","18.3","31.6","63.3"
"T-02472-24","CpPl_05Vol","WW 847897","UNIV PAUL VALERY CpPl_05Vol","2/5/2024","TERRES","193","117","96.0","165","430","8.4","233","16.7","28.9","1.5","10.8","0.068","17.9","4.6","0.44","53.6","16.6","27.5","56.3"
"T-02473-24","CpPl_06Vol","WW 847899","UNIV PAUL VALERY CpPl_06Vol","2/5/2024","TERRES","254","122","106","188","330","8.2","289","34.6","59.9","2.5","13.6","0.093","11.0","10.4","0.49","46.1","16.5","27.6","69.2"
"T-02474-24","CpPl_08Mer","WW 847901","UNIV PAUL VALERY CpPl_08Mer","2/5/2024","TERRES","126","65.4","65.4","152","591","8.2","210","21.2","36.7","1.8","12.0","0.077","3.3","3.0","0.25","17.1","9.9","18.5","38.4"
"T-02475-24","CpPl_09Mer","WW 847903","UNIV PAUL VALERY CpPl_09Mer","2/5/2024","TERRES","339","155","142","209","155","8.3","421","30.3","52.4","3.0","10.1","0.22","10.7","12.1","0.55","54.5","18.9","60.1","96.8"
"T-02476-24","CpPl_10Mer","WW 847905","UNIV PAUL VALERY CpPl_10Mer","2/5/2024","TERRES","352","148","142","196","162","8.3","403","28.2","48.8","2.8","10.2","0.22","9.6","9.3","0.45","46.5","16.0","46.2","74.3"
"T-02477-24","CpPl_11Kur","WW 847907","UNIV PAUL VALERY CpPl_11Kur","2/5/2024","TERRES","392","152","112","162","182","8.5","417","39.4","68.2","3.7","10.7","0.11","6.1","11.3","0.62","38.5","18.1","30.7","75.2"
"T-02478-24","CpPl_12Kur","WW 847909","UNIV PAUL VALERY CpPl_12Kur","2/5/2024","TERRES","373","149","108","170","201","8.4","528","47.0","81.4","3.6","13.2","0.11","5.2","11.2","0.65","28.4","17.7","97.2","73.2"
"T-02479-24","CpPl_13Kur","WW 847911","UNIV PAUL VALERY CpPl_13Kur","2/5/2024","TERRES","401","164","115","175","144","8.5","477","42.4","73.4","4.1","10.4","0.11","6.5","13.4","0.58","39.0","18.5","30.6","126"
"T-02480-24","CpPl_14Kur","WW 847913","UNIV PAUL VALERY CpPl_14Kur","2/5/2024","TERRES","400","158","124","168","151","8.5","480","39.1","67.6","3.7","10.5","0.11","6.8","12.7","0.50","38.6","17.9","28.6","76.5"
"T-02481-24","CpPl_15Gal","WW 847915","UNIV PAUL VALERY CpPl_15Gal","2/5/2024","TERRES","382","136","99.2","172","211","8.4","509","46.1","79.8","4.0","11.6","0.12","5.7","13.6","0.57","31.7","17.0","30.2","77.7"
"T-02482-24","CpPl_16Gal","WW 847917","UNIV PAUL VALERY CpPl_16Gal","2/5/2024","TERRES","379","145","101","194","182","8.3","529","30.2","52.2","3.0","10.1","0.099","7.8","12.3","0.47","34.5","17.0","27.3","71.6"
"","","","","","","","","","","","","","","","","","","","","","","","",""
"","","","","","","","","","","","","","","","","","","","","","","","",""
"Dossier : LAB24-5665","","","","","","","","","","","","","","","","","","","","","","","",""
"","","","","","","","","","","","","","","","","","","","","","","","",""
"N° Laboratoire","Réf échantillon","N° FR","Exploitant - parcelle","Date de prélèvement","Nature"," Argile (déc) (o/oo) g/kg "," Limon Fin (déc) (o/oo) g/kg "," Limon Grossier (déc) (o/oo) g/kg "," Sable Fin (déc) (o/oo) g/kg "," Sable Grossier (déc) (o/oo) g/kg "," pH eau - "," Carbonates totaux g/kg "," Carb. organique (o/oo) g/kg "," Matière organique (o/oo) g/kg "," Azote total (o/oo) g/kg "," C/N - "," P2O5 Olsen (o/oo) g/kg "," Cu DTPA mg/kg "," Zn DTPA mg/kg "," Ni DTPA mg/kg "," Cu total ER (mg/Kg) "," Ni total ER (mg/Kg) "," Pb total ER (mg/Kg) "," Zn total ER (mg/Kg) "
"T-02462-24","CpUt_38Pri","WW 847877","UNIV PAUL VALERY CpUt_38Pri","2/5/2024","TERRES","414","291","243","85.4","< 5","8.8","581","6.5","11.3","0.69","9.4","0.027","19.6","4.8","0.15","10.2","21.4","12.7","36.8"
"","","","","","","","","","","","","","","","","","","","","","","","",""
"","","","","","","","","","","","","","","","","","","","","","","","",""
"Dossier : LAB24-5664","","","","","","","","","","","","","","","","","","","","","","","",""
"","","","","","","","","","","","","","","","","","","","","","","","",""
"N° Laboratoire","Réf échantillon","N° FR","Exploitant - parcelle","Date de prélèvement","Nature"," Argile (déc) (o/oo) g/kg "," Limon Fin (déc) (o/oo) g/kg "," Limon Grossier (déc) (o/oo) g/kg "," Sable Fin (déc) (o/oo) g/kg "," Sable Grossier (déc) (o/oo) g/kg "," pH eau - "," Carbonates totaux g/kg "," Carb. organique (o/oo) g/kg "," Matière organique (o/oo) g/kg "," Azote total (o/oo) g/kg "," C/N - "," P2O5 Olsen (o/oo) g/kg "," Cu DTPA mg/kg "," Zn DTPA mg/kg "," Ni DTPA mg/kg "," Cu total ER (mg/Kg) "," Ni total ER (mg/Kg) "," Pb total ER (mg/Kg) "," Zn total ER (mg/Kg) "
"T-02443-24","CpUt_21Cab","WW 847839","UNIV PAUL VALERY CpUt_21Cab","2/5/2024","TERRES","421","160","183","145","92.1","8.5","235","20.3","35.1","1.6","12.8","0.025","25.5","2.0","0.35","91.4","21.0","23.3","45.1"
"T-02444-24","CpUt_22Cab","WW 847841","UNIV PAUL VALERY CpUt_22Cab","2/5/2024","TERRES","439","115","106","146","194","8.4","217","11.9","20.6","0.88","13.5","0.011","4.8","1.0","0.37","25.7","34.4","21.3","56.6"
"T-02445-24","CpUt_25Dau","WW 847843","UNIV PAUL VALERY CpUt_25Dau","2/5/2024","TERRES","255","172","191","327","55.5","8.4","397","9.0","15.6","0.67","13.4","0.006","1.3","1.7","0.23","9.9","17.7","11.4","30.6"
"T-02446-24","CpUt_26Dau","WW 847845","UNIV PAUL VALERY CpUt_26Dau","2/5/2024","TERRES","250","189","207","274","80.1","8.4","344","10.5","18.2","0.81","13.0","0.014","9.8","1.4","0.48","32.0","19.3","23.6","37.7"
"T-02447-24","CpUt_27Sib","WW 847847","UNIV PAUL VALERY CpUt_27Sib","2/5/2024","TERRES","232","106","123","189","350","8.5","272","18.6","32.2","1.8","10.2","0.033","12.7","5.1","0.32","41.1","13.2","50.0","52.3"
"T-02448-24","CpUt_28Sib","WW 847849","UNIV PAUL VALERY CpUt_28Sib","2/5/2024","TERRES","203","94.7","98.0","193","411","8.4","264","21.9","37.8","2.1","10.6","0.040","14.1","5.8","0.35","41.1","12.0","49.0","50.9"
"T-02449-24","CpUt_29Hei","WW 847851","UNIV PAUL VALERY CpUt_29Hei","2/5/2024","TERRES","206","83.2","86.4","172","453","8.5","261","17.6","30.4","2.3","7.5","0.034","10.4","6.1","0.31","34.2","12.5","44.1","52.1"
"T-02450-24","CpUt_30Hei","WW 847853","UNIV PAUL VALERY CpUt_30Hei","2/5/2024","TERRES","255","97.6","101","224","323","8.4","375","22.1","38.3","1.8","12.0","0.045","13.5","9.5","0.38","90.2","13.7","60.8","69.1"
"T-02451-24","CpUt_31Dic","WW 847855","UNIV PAUL VALERY CpUt_31Dic","2/5/2024","TERRES","220","85.6","102","405","187","8.4","252","24.7","42.8","1.7","14.3","0.049","10.7","8.1","0.26","41.8","14.9","51.8","58.0"
"T-02452-24","CpUt_32Dic","WW 847857","UNIV PAUL VALERY CpUt_32Dic","2/5/2024","TERRES","216","87.0","97.3","351","249","8.4","375","16.9","29.3","1.6","10.7","0.022","23.0","5.0","0.18","67.4","11.9","59.2","48.8"
"T-02453-24","CpUt_33Dic","WW 847859","UNIV PAUL VALERY CpUt_33Dic","2/5/2024","TERRES","231","99.0","104","350","216","8.6","357","15.6","26.9","1.4","10.8","0.047","9.6","3.7","0.20","37.3","12.6","74.1","41.8"
"T-02454-24","CpUt_35Aqu","WW 847861","UNIV PAUL VALERY CpUt_35Aqu","2/5/2024","TERRES","249","121","117","217","297","8.4","298","20.6","35.7","2.5","8.1","0.040","12.8","5.7","0.33","46.1","15.4","102","58.2"
"T-02455-24","CpUt_36Pri","WW 847863","UNIV PAUL VALERY CpUt_36Pri","2/5/2024","TERRES","433","171","121","187","87.8","8.5","563","18.4","31.8","1.6","11.5","0.11","4.0","4.8","0.13","30.2","17.4","19.0","42.7"
"T-02456-24","CpUt_37Pri","WW 847865","UNIV PAUL VALERY CpUt_37Pri","2/5/2024","TERRES","437","199","141","183","40.8","8.6","569","9.2","15.9","0.71","12.9","0.010","1.8","1.8","0.16","11.5","18.1","11.1","26.4"
"T-02457-24","CpUt_39San","WW 847867","UNIV PAUL VALERY CpUt_39San","2/5/2024","TERRES","420","180","134","173","93.2","8.4","485","14.0","24.2","1.6","8.6","0.011","23.4","52.2","0.31","71.7","21.8","63.0","251"
"T-02458-24","CpUt_40San","WW 847869","UNIV PAUL VALERY CpUt_40San","2/5/2024","TERRES","371","151","124","194","160","8.4","502","29.8","51.5","2.2","13.8","0.067","6.6","8.6","0.46","32.9","17.8","31.7","54.6"
"T-02459-24","CpUt_41San","WW 847871","UNIV PAUL VALERY CpUt_41San","2/5/2024","TERRES","323","143","165","297","72.5","8.7","312","19.5","33.7","1.4","13.9","0.018","16.7","4.0","0.54","62.5","23.7","89.5","54.1"
"T-02460-24","CpUt_42San","WW 847873","UNIV PAUL VALERY CpUt_42San","2/5/2024","TERRES","305","130","150","244","170","8.6","327","13.0","22.5","1.0","12.5","0.016","10.2","9.0","0.20","47.2","24.2","135","114"
"T-02461-24","CpUt_43San","WW 847875","UNIV PAUL VALERY CpUt_43San","2/5/2024","TERRES","245","119","55.8","448","132","8.8","214","11.7","20.2","1.2","9.7","0.011","1.7","1.5","0.20","77.4","28.4","45.9","69.1"
"","","","","","","","","","","","","","","","","","","","","","","","",""
"","","","","","","","","","","","","","","","","","","","","","","","",""
"Dossier : LAB24-5663","","","","","","","","","","","","","","","","","","","","","","","",""
"","","","","","","","","","","","","","","","","","","","","","","","",""
"N° Laboratoire","Réf échantillon","N° FR","Exploitant - parcelle","Date de prélèvement","Nature"," Argile (déc) (o/oo) g/kg "," Limon Fin (déc) (o/oo) g/kg "," Limon Grossier (déc) (o/oo) g/kg "," Sable Fin (déc) (o/oo) g/kg "," Sable Grossier (déc) (o/oo) g/kg "," pH eau - "," Carbonates totaux g/kg "," Carb. organique (o/oo) g/kg "," Matière organique (o/oo) g/kg "," Azote total (o/oo) g/kg "," C/N - "," P2O5 Olsen (o/oo) g/kg "," Cu DTPA mg/kg "," Zn DTPA mg/kg "," Ni DTPA mg/kg "," Cu total ER (mg/Kg) "," Ni total ER (mg/Kg) "," Pb total ER (mg/Kg) "," Zn total ER (mg/Kg) "
"T-02423-24","CpUt_01Bou","WW 847799","UNIV PAUL VALERY CpUt_01Bou","2/5/2024","TERRES","206","118","69.2","142","465","8.3","393","41.9","72.5","1.2","33.7","0.044","6.9","3.7","0.40","30.4","12.6","17.9","40.2"
"T-02424-24","CpUt_02Bou","WW 847801","UNIV PAUL VALERY CpUt_02Bou","2/5/2024","TERRES","183","123","87.5","145","460","8.4","206","25.8","44.7","1.5","17.8","0.055","13.9","3.6","0.36","61.4","17.6","23.7","49.9"
"T-02425-24","CpUt_03Bou","WW 847803","UNIV PAUL VALERY CpUt_03Bou","2/5/2024","TERRES","153","106","89.2","143","509","8.1","181","20.5","35.5","1.5","14.0","0.064","17.7","3.3","0.39","66.4","14.6","20.1","42.8"
"T-02426-24","CpUt_04Bou","WW 847805","UNIV PAUL VALERY CpUt_04Bou","2/5/2024","TERRES","357","131","94.5","128","289","8.4","738","20.7","35.9","1.6","13.3","0.040","4.8","9.1","0.30","19.7","11.3","12.7","60.9"
"T-02427-24","CpUt_05Bou","WW 847807","UNIV PAUL VALERY CpUt_05Bou","2/5/2024","TERRES","488","71.5","59.6","62.4","319","8.6","898","13.4","23.2","0.73","18.4","0.012","0.52","2.1","0.13","4.5","10.1","4.2","33.5"
"T-02428-24","CpUt_06Vol","WW 847809","UNIV PAUL VALERY CpUt_06Vol","2/5/2024","TERRES","302","138","98.5","184","278","8.4","394","27.5","47.5","2.2","12.7","0.071","9.8","10.3","0.69","33.9","14.1","25.6","48.1"
"T-02429-24","CpUt_07Vol","WW 847811","UNIV PAUL VALERY CpUt_07Vol","2/5/2024","TERRES","338","138","95.2","220","210","8.2","446","34.8","60.2","2.8","12.6","0.11","6.4","15.6","0.73","34.5","16.1","30.1","64.0"
"T-02430-24","CpUt_08Vol","WW 847813","UNIV PAUL VALERY CpUt_08Vol","2/5/2024","TERRES","247","141","97.8","179","335","8.3","315","29.8","51.6","2.1","14.1","0.065","13.3","8.1","0.56","47.6","16.8","25.4","57.4"
"T-02431-24","CpUt_09Mer","WW 847815","UNIV PAUL VALERY CpUt_09Mer","2/5/2024","TERRES","297","138","122","210","232","7.9","356","30.9","53.4","2.9","10.7","0.19","9.2","12.2","0.67","47.3","16.9","27.2","62.7"
"T-02432-24","CpUt_10Mer","WW 847817","UNIV PAUL VALERY CpUt_10Mer","2/5/2024","TERRES","128","58.7","83.3","165","565","8.3","244","23.9","41.4","1.7","14.3","0.079","3.2","3.2","0.33","17.7","10.1","16.1","34.7"
"T-02433-24","CpUt_11Kur","WW 847819","UNIV PAUL VALERY CpUt_11Kur","2/5/2024","TERRES","364","134","131","217","155","8.7","539","43.6","75.4","3.7","11.9","0.11","4.9","13.7","0.67","35.2","17.1","28.3","69.3"
"T-02434-24","CpUt_12Lou","WW 847821","UNIV PAUL VALERY CpUt_12Lou","2/5/2024","TERRES","325","150","151","300","74.2","8.5","238","35.9","62.0","1.8","20.0","0.11","13.9","5.2","0.36","54.3","24.1","25.6","59.5"
"T-02435-24","CpUt_13Lou","WW 847823","UNIV PAUL VALERY CpUt_13Lou","2/5/2024","TERRES","381","147","125","234","113","8.6","367","14.2","24.6","1.0","14.0","0.015","10.2","2.4","0.36","38.7","22.7","20.3","43.5"
"T-02436-24","CpUt_14Lou","WW 847825","UNIV PAUL VALERY CpUt_14Lou","2/5/2024","TERRES","361","144","137","228","130","8.5","344","22.9","39.6","1.4","16.2","0.030","10.2","3.1","0.54","39.6","22.1","23.9","48.4"
"T-02437-24","CpUt_15Rob","WW 847827","UNIV PAUL VALERY CpUt_15Rob","2/5/2024","TERRES","438","165","122","165","110","8.7","707","15.0","25.9","0.86","17.4","0.018","8.8","2.3","0.34","30.7","16.2","12.2","26.4"
"T-02438-24","CpUt_16Rob","WW 847829","UNIV PAUL VALERY CpUt_16Rob","2/5/2024","TERRES","316","147","135","190","211","8.5","494","27.4","47.4","1.4","20.0","0.026","7.6","3.2","0.60","24.4","15.7","16.4","35.1"
"T-02439-24","CpUt_17Rob","WW 847831","UNIV PAUL VALERY CpUt_17Rob","2/5/2024","TERRES","314","129","86.0","178","293","8.6","433","21.4","37.0","1.2","17.8","0.014","6.9","4.0","0.44","34.7","41.6","19.5","47.1"
"T-02440-24","CpUt_18Rob","WW 847833","UNIV PAUL VALERY CpUt_18Rob","2/5/2024","TERRES","378","130","121","188","183","8.7","730","12.1","21.0","0.97","12.6","0.028","5.0","2.5","0.35","14.2","9.9","7.8","21.4"
"T-02441-24","CpUt_19Sun","WW 847835","UNIV PAUL VALERY CpUt_19Sun","2/5/2024","TERRES","257","102","129","272","241","8.6","349","10.7","18.5","1.4","7.8","0.009","8.6","4.4","0.22","29.5","14.5","24.1","41.9"
"T-02442-24","CpUt_20Cas","WW 847837","UNIV PAUL VALERY CpUt_20Cas","2/5/2024","TERRES","223","119","110","317","231","8.6","393","12.7","22.0","1.3","9.9","0.017","12.4","1.8","0.27","44.1","12.7","17.8","28.9"
